id,parent,behavior,preconditions,expected,state_changes,side_effects,negative_case,evidence,authority,support,runtime,gap
q.relation-reject,quests.003,Relation admission / below -10,Giver relation below -10,"Relation flag set, relation hero is giver, condition false","Relation flag set, relation hero is giver, condition false",No accepted quest; requiredGold output stays 0,Relation exactly -10 does not set this flag; other guards still apply,TaleWorlds.CampaignSystem.Issues.GangLeaderNeedsToOffloadStolenGoodsIssueBehavior@281-301,Actual owner-scoped production action; vanilla MainHero/MainParty context must not be a server hero/party. Co-op routing needs separate trace,allowlisted-source-only,unrun,"Caller integration, co-op routing and two-client evidence remain unverified"
q.war-reject,quests.003,War admission / at war,Giver settlement faction at war with player faction,AtWar flag set; condition false,AtWar flag set; condition false,Other failure flags may accumulate,Peace alone does not clear relation or ownership flags,TaleWorlds.CampaignSystem.Issues.GangLeaderNeedsToOffloadStolenGoodsIssueBehavior@281-301,Actual owner-scoped production action; vanilla MainHero/MainParty context must not be a server hero/party. Co-op routing needs separate trace,allowlisted-source-only,unrun,"Caller integration, co-op routing and two-client evidence remain unverified"
q.owner-reject,quests.003,Ownership admission / player owns settlement,PlayerClan equals giver settlement OwnerClan,PlayerIsOwnerOfSettlement flag set; condition false,PlayerIsOwnerOfSettlement flag set; condition false,No acceptance through this condition,A different owner avoids this flag,TaleWorlds.CampaignSystem.Issues.GangLeaderNeedsToOffloadStolenGoodsIssueBehavior@281-301,Actual owner-scoped production action; vanilla MainHero/MainParty context must not be a server hero/party. Co-op routing needs separate trace,allowlisted-source-only,unrun,"Caller integration, co-op routing and two-client evidence remain unverified"
q.eligible,quests.003,Admission / all guards clear,"Relation at least -10, no war, player's clan not settlement owner",Condition true with no flags,Condition true with no flags,Quest start remains a separate consequence,Any one failed guard rejects admission,TaleWorlds.CampaignSystem.Issues.GangLeaderNeedsToOffloadStolenGoodsIssueBehavior@281-301,Actual owner-scoped production action; vanilla MainHero/MainParty context must not be a server hero/party. Co-op routing needs separate trace,allowlisted-source-only,unrun,"Caller integration, co-op routing and two-client evidence remain unverified"
q.start,quests.003,Accept / reveal and track hideout,Offer flow invokes acceptance for actual quest giver,"StartQuest called; hidden initial log; hideout spotted, visible and tracked","StartQuest called; hidden initial log; hideout spotted, visible and tracked",No payment in this member,Dialogue entry without acceptance does not start this consequence,TaleWorlds.CampaignSystem.Issues.GangLeaderNeedsToOffloadStolenGoodsIssueBehavior@552-559,Actual owner-scoped production action; vanilla MainHero/MainParty context must not be a server hero/party. Co-op routing needs separate trace,allowlisted-source-only,unrun,"Caller integration, co-op routing and two-client evidence remain unverified"
q.companion-skill,quests.004,Alternative / best eligible skill,"Resolve actual hero's melee, Roguery and Tactics skills",Best of those skills selected with required value 120,Best of those skills selected with required value 120,No departure or troop mutation by this member,Do not equate selected skill with full alternative admission,TaleWorlds.CampaignSystem.Issues.GangLeaderNeedsToOffloadStolenGoodsIssueBehavior@173-179,Actual owner-scoped production action; vanilla MainHero/MainParty context must not be a server hero/party. Co-op routing needs separate trace,allowlisted-source-only,unrun,"Caller integration, co-op routing and two-client evidence remain unverified"
q.troop-tier,quests.004,Alternative / troop tier,Character tier resolved,Tier 2 or above true; tier 1 false,Tier 2 or above true; tier 1 false,Full men count is checked separately,Tier boundary is inclusive,TaleWorlds.CampaignSystem.Issues.GangLeaderNeedsToOffloadStolenGoodsIssueBehavior@208-211,Actual owner-scoped production action; vanilla MainHero/MainParty context must not be a server hero/party. Co-op routing needs separate trace,allowlisted-source-only,unrun,"Caller integration, co-op routing and two-client evidence remain unverified"
q.survival,quests.001,Issue / survive,Security below 90; counter-offer hero active and in issue settlement; nonnull infested hideout,Survival true only while all conditions hold,Survival true only while all conditions hold,Issue availability is separate from accepted quest state,Security exactly 90 fails survival,TaleWorlds.CampaignSystem.Issues.GangLeaderNeedsToOffloadStolenGoodsIssueBehavior@233-240,Actual owner-scoped production action; vanilla MainHero/MainParty context must not be a server hero/party. Co-op routing needs separate trace,allowlisted-source-only,unrun,"Caller integration, co-op routing and two-client evidence remain unverified"
q.generation,quests.001,Generation / eligible giver and hideout,"Gang leader in town, security below 70, different merchant, suitable hideout",Generation condition true only with suitable hideout,Generation condition true only with suitable hideout,Hideout search and locality require separate observations,Security exactly 70 fails generation,TaleWorlds.CampaignSystem.Issues.GangLeaderNeedsToOffloadStolenGoodsIssueBehavior@935-945,Actual owner-scoped production action; vanilla MainHero/MainParty context must not be a server hero/party. Co-op routing needs separate trace,allowlisted-source-only,unrun,"Caller integration, co-op routing and two-client evidence remain unverified"
q.duration,quests.003,Quest / duration,Issue generates actual quest id and fields,Accepted quest constructed with 20 days from now,Accepted quest constructed with 20 days from now,"Goods, hideout, reward and merchant fields passed through",Issue availability duration is different,TaleWorlds.CampaignSystem.Issues.GangLeaderNeedsToOffloadStolenGoodsIssueBehavior@271-274,Actual owner-scoped production action; vanilla MainHero/MainParty context must not be a server hero/party. Co-op routing needs separate trace,allowlisted-source-only,unrun,"Caller integration, co-op routing and two-client evidence remain unverified"
q.counter-offer-gate,quests.002,Merchant / initial offer gate,"Actual merchant, no leader talk, no goods, counter-offer not given",Counter-offer dialog eligible,Counter-offer dialog eligible,No payment or terminal outcome from condition,Any of the three flags suppresses the initial flow,TaleWorlds.CampaignSystem.Issues.GangLeaderNeedsToOffloadStolenGoodsIssueBehavior@575-592,Actual owner-scoped production action; vanilla MainHero/MainParty context must not be a server hero/party. Co-op routing needs separate trace,allowlisted-source-only,unrun,"Caller integration, co-op routing and two-client evidence remain unverified"
q.counter-offer-accept,quests.002,Merchant / favorable reply,Initial offer eligible; select favorable reply,Conversation closes without goods/gold mutation in this member,Conversation closes without goods/gold mutation in this member,Offer-given flag is handled on settlement departure,This reply alone does not complete the quest,TaleWorlds.CampaignSystem.Issues.GangLeaderNeedsToOffloadStolenGoodsIssueBehavior@575-592,Actual owner-scoped production action; vanilla MainHero/MainParty context must not be a server hero/party. Co-op routing needs separate trace,allowlisted-source-only,unrun,"Caller integration, co-op routing and two-client evidence remain unverified"
q.counter-offer-refuse,quests.002,Merchant / dismissive reply,Initial offer eligible; select dismissive reply,Conversation closes without terminal failure in this member,Conversation closes without terminal failure in this member,Offer-given flag handled elsewhere,Do not infer betrayal from dialogue text,TaleWorlds.CampaignSystem.Issues.GangLeaderNeedsToOffloadStolenGoodsIssueBehavior@575-592,Actual owner-scoped production action; vanilla MainHero/MainParty context must not be a server hero/party. Co-op routing needs separate trace,allowlisted-source-only,unrun,"Caller integration, co-op routing and two-client evidence remain unverified"
q.pay-enabled,quests.005,Hideout / payment eligible,Correct leader/hideout conversation; gold at least stored price,Payment clickable condition true,Payment clickable condition true,Gold not deducted until consequence,Gold equal to stored price qualifies,TaleWorlds.CampaignSystem.Issues.GangLeaderNeedsToOffloadStolenGoodsIssueBehavior@605-668,Actual owner-scoped production action; vanilla MainHero/MainParty context must not be a server hero/party. Co-op routing needs separate trace,allowlisted-source-only,unrun,"Caller integration, co-op routing and two-client evidence remain unverified"
q.pay-insufficient,quests.005,Hideout / payment unavailable,Gold below stored stolen-goods price,Payment clickable condition false; insufficient-funds reply available,Payment clickable condition false; insufficient-funds reply available,"No deduction, goods or payment flags from that reply",No extra credit path inferred,TaleWorlds.CampaignSystem.Issues.GangLeaderNeedsToOffloadStolenGoodsIssueBehavior@605-668,Actual owner-scoped production action; vanilla MainHero/MainParty context must not be a server hero/party. Co-op routing needs separate trace,allowlisted-source-only,unrun,"Caller integration, co-op routing and two-client evidence remain unverified"
q.pay-commit,quests.005,Hideout / payment consequence,Enabled payment option selected,Stored price deducted; paying and has-goods flags true,Stored price deducted; paying and has-goods flags true,Item roster insertion occurs in later keep-goods terminal member,Do not use has-goods flag as proof of roster insertion,TaleWorlds.CampaignSystem.Issues.GangLeaderNeedsToOffloadStolenGoodsIssueBehavior@605-668,Actual owner-scoped production action; vanilla MainHero/MainParty context must not be a server hero/party. Co-op routing needs separate trace,allowlisted-source-only,unrun,"Caller integration, co-op routing and two-client evidence remain unverified"
q.force-choice,quests.005,Hideout / threaten force,Force response chosen in applicable conversation,Before-fight log added; fighting-for-goods true,Before-fight log added; fighting-for-goods true,No goods awarded or battle victory by this consequence,Battle entry and result remain distinct,TaleWorlds.CampaignSystem.Issues.GangLeaderNeedsToOffloadStolenGoodsIssueBehavior@605-668,Actual owner-scoped production action; vanilla MainHero/MainParty context must not be a server hero/party. Co-op routing needs separate trace,allowlisted-source-only,unrun,"Caller integration, co-op routing and two-client evidence remain unverified"
q.paid-keep,quests.007,Terminal / pay and retain goods,Merchant keep branch selected with paying flag true,Success; goods quantity added; Calculating XP +100,Success; goods quantity added; Calculating XP +100,Giver power +5; merchant power -5; giver relation +10; merchant notable relations -3,Payment was earlier; no second payment here,TaleWorlds.CampaignSystem.Issues.GangLeaderNeedsToOffloadStolenGoodsIssueBehavior@712-728;TaleWorlds.CampaignSystem.Issues.GangLeaderNeedsToOffloadStolenGoodsIssueBehavior@670-710,Actual owner-scoped production action; vanilla MainHero/MainParty context must not be a server hero/party. Co-op routing needs separate trace,allowlisted-source-only,unrun,"Caller integration, co-op routing and two-client evidence remain unverified"
q.paid-return,quests.007,Terminal / pay and return goods,Merchant return branch selected with paying flag true,Success; counter-offer gold; Calculating XP +150,Success; counter-offer gold; Calculating XP +150,Both powers +5; giver relation +10; other notable relations +3,No item-roster insertion in this terminal member,TaleWorlds.CampaignSystem.Issues.GangLeaderNeedsToOffloadStolenGoodsIssueBehavior@730-746;TaleWorlds.CampaignSystem.Issues.GangLeaderNeedsToOffloadStolenGoodsIssueBehavior@670-710,Actual owner-scoped production action; vanilla MainHero/MainParty context must not be a server hero/party. Co-op routing needs separate trace,allowlisted-source-only,unrun,"Caller integration, co-op routing and two-client evidence remain unverified"
q.unpaid-keep,quests.009,Terminal / unpaid goods retained,Merchant keep branch selected with paying flag false,Betrayal; goods quantity added; Calculating XP +100,Betrayal; goods quantity added; Calculating XP +100,Both powers -5; giver relation -5; merchant relations -3,Inventory reward does not make this a success,TaleWorlds.CampaignSystem.Issues.GangLeaderNeedsToOffloadStolenGoodsIssueBehavior@748-763;TaleWorlds.CampaignSystem.Issues.GangLeaderNeedsToOffloadStolenGoodsIssueBehavior@670-710,Actual owner-scoped production action; vanilla MainHero/MainParty context must not be a server hero/party. Co-op routing needs separate trace,allowlisted-source-only,unrun,"Caller integration, co-op routing and two-client evidence remain unverified"
q.unpaid-return,quests.009,Terminal / unpaid goods returned,Merchant return branch selected with paying flag false,Betrayal; counter-offer gold; Honor XP +100,Betrayal; counter-offer gold; Honor XP +100,Giver power -5; merchant power +5; giver relation -5; other notable relations +3,Gold reward accompanies betrayal,TaleWorlds.CampaignSystem.Issues.GangLeaderNeedsToOffloadStolenGoodsIssueBehavior@765-780;TaleWorlds.CampaignSystem.Issues.GangLeaderNeedsToOffloadStolenGoodsIssueBehavior@670-710,Actual owner-scoped production action; vanilla MainHero/MainParty context must not be a server hero/party. Co-op routing needs separate trace,allowlisted-source-only,unrun,"Caller integration, co-op routing and two-client evidence remain unverified"
q.battle-loss,quests.008,Battle / losing side,Player side differs from winner side,FailQuestByLosingHideoutBattle called,FailQuestByLosingHideoutBattle called,Loss branch precedes designated-hideout comparison,This handler does not first test which hideout was lost,TaleWorlds.CampaignSystem.Issues.GangLeaderNeedsToOffloadStolenGoodsIssueBehavior@833-847,Actual owner-scoped production action; vanilla MainHero/MainParty context must not be a server hero/party. Co-op routing needs separate trace,allowlisted-source-only,unrun,"Caller integration, co-op routing and two-client evidence remain unverified"
q.battle-win,quests.005,Battle / designated hideout won,Player side wins; event settlement is designated hideout,Has-goods true; quick information shown,Has-goods true; quick information shown,No terminal completion or roster insertion in this member,Other hideout victory does not satisfy designated-hideout branch,TaleWorlds.CampaignSystem.Issues.GangLeaderNeedsToOffloadStolenGoodsIssueBehavior@833-847,Actual owner-scoped production action; vanilla MainHero/MainParty context must not be a server hero/party. Co-op routing needs separate trace,allowlisted-source-only,unrun,"Caller integration, co-op routing and two-client evidence remain unverified"
q.other-party,quests.005,Departure / unrelated party,Departing party is not MainParty,Immediate return,Immediate return,No merchant conversation or offer flag change,Co-op owner context must be traced separately,TaleWorlds.CampaignSystem.Issues.GangLeaderNeedsToOffloadStolenGoodsIssueBehavior@857-875,Actual owner-scoped production action; vanilla MainHero/MainParty context must not be a server hero/party. Co-op routing needs separate trace,allowlisted-source-only,unrun,"Caller integration, co-op routing and two-client evidence remain unverified"
q.leave-hideout,quests.005,Departure / hideout with goods,MainParty leaves designated hideout; has-goods true,Merchant map conversation opens,Merchant map conversation opens,No terminal reward before conversation choice,No has-goods means no conversation in this branch,TaleWorlds.CampaignSystem.Issues.GangLeaderNeedsToOffloadStolenGoodsIssueBehavior@857-875,Actual owner-scoped production action; vanilla MainHero/MainParty context must not be a server hero/party. Co-op routing needs separate trace,allowlisted-source-only,unrun,"Caller integration, co-op routing and two-client evidence remain unverified"
q.leave-merchant-town,quests.005,Departure / first counter-offer,MainParty leaves merchant settlement outside hideout branch; offer not given,Merchant conversation opens; offer-given true,Merchant conversation opens; offer-given true,Repeated departure suppressed by flag,The hideout branch takes precedence,TaleWorlds.CampaignSystem.Issues.GangLeaderNeedsToOffloadStolenGoodsIssueBehavior@857-875,Actual owner-scoped production action; vanilla MainHero/MainParty context must not be a server hero/party. Co-op routing needs separate trace,allowlisted-source-only,unrun,"Caller integration, co-op routing and two-client evidence remain unverified"
q.meeting-menu,quests.002,Menu / meeting availability,At quest hideout; neither fighting nor paying,Meeting option returns true; conversation leave type and ActiveIssue metadata,Meeting option returns true; conversation leave type and ActiveIssue metadata,Choosing consequence opens leader conversation,Paying or fighting suppresses option,TaleWorlds.CampaignSystem.Issues.GangLeaderNeedsToOffloadStolenGoodsIssueBehavior@882-895;TaleWorlds.CampaignSystem.Issues.GangLeaderNeedsToOffloadStolenGoodsIssueBehavior@877-880,Actual owner-scoped production action; vanilla MainHero/MainParty context must not be a server hero/party. Co-op routing needs separate trace,allowlisted-source-only,unrun,"Caller integration, co-op routing and two-client evidence remain unverified"
q.capture-cancel,quests.009,Ownership / player capture,Giver settlement changed; newOwner equals MainHero,Quest cancelled with ownership-change log,Quest cancelled with ownership-change log,No terminal reward in handler,Other new owners do not satisfy this predicate,TaleWorlds.CampaignSystem.Issues.GangLeaderNeedsToOffloadStolenGoodsIssueBehavior@825-831,Actual owner-scoped production action; vanilla MainHero/MainParty context must not be a server hero/party. Co-op routing needs separate trace,allowlisted-source-only,unrun,"Caller integration, co-op routing and two-client evidence remain unverified"
q.timeout,quests.006,Timeout / hook,OnTimedOut invoked,Failure-timeout log appended,Failure-timeout log appended,"Terminal state comes from base quest lifecycle, not established by this hook",No reward/relation/power change in this hook,TaleWorlds.CampaignSystem.Issues.GangLeaderNeedsToOffloadStolenGoodsIssueBehavior@594-597,Actual owner-scoped production action; vanilla MainHero/MainParty context must not be a server hero/party. Co-op routing needs separate trace,allowlisted-source-only,unrun,"Caller integration, co-op routing and two-client evidence remain unverified"
q.load,quests.012,Load / registration restore,Existing quest initializes on load,Dialogs and menu options registered,Dialogs and menu options registered,No StartQuest in this member,Observe restored availability without accepting twice,TaleWorlds.CampaignSystem.Issues.GangLeaderNeedsToOffloadStolenGoodsIssueBehavior@561-565,Actual owner-scoped production action; vanilla MainHero/MainParty context must not be a server hero/party. Co-op routing needs separate trace,allowlisted-source-only,unrun,"Caller integration, co-op routing and two-client evidence remain unverified"
q.alternative-success,quests.011,Alternative / completion rewards,Actual alternative completion consequence,RewardGold and goods; Calculating XP +50; relationship change field +10,RewardGold and goods; Calculating XP +50; relationship change field +10,Giver power +5; merchant power -5; merchant notable powers -3,Companion return/XP and application of relation field remain base lifecycle,TaleWorlds.CampaignSystem.Issues.GangLeaderNeedsToOffloadStolenGoodsIssueBehavior@186-201,Actual owner-scoped production action; vanilla MainHero/MainParty context must not be a server hero/party. Co-op routing needs separate trace,allowlisted-source-only,unrun,"Caller integration, co-op routing and two-client evidence remain unverified"
up.hero,party.002,Upgrade / hero subject,Character is hero,Condition false,Condition false,"No XP, gold or troop mutation",Hero eligibility is not inferred from upgrade target UI,TaleWorlds.CampaignSystem.GameComponents.DefaultPartyTroopUpgradeModel@21-28,Actual owner-scoped production action; vanilla MainHero/MainParty context must not be a server hero/party. Co-op routing needs separate trace,unverified,unrun,"Caller integration, co-op routing and two-client evidence remain unverified"
up.no-target,party.002,Upgrade / no target,Nonhero has zero upgrade targets,Condition false,Condition false,No resource mutation,Adding a target changes this guard,TaleWorlds.CampaignSystem.GameComponents.DefaultPartyTroopUpgradeModel@21-28,Actual owner-scoped production action; vanilla MainHero/MainParty context must not be a server hero/party. Co-op routing needs separate trace,unverified,unrun,"Caller integration, co-op routing and two-client evidence remain unverified"
up.target,party.002,Upgrade / target available,Nonhero has at least one upgrade target,Condition true,Condition true,Resources checked separately,True here does not establish affordable upgrade,TaleWorlds.CampaignSystem.GameComponents.DefaultPartyTroopUpgradeModel@21-28,Actual owner-scoped production action; vanilla MainHero/MainParty context must not be a server hero/party. Co-op routing needs separate trace,unverified,unrun,"Caller integration, co-op routing and two-client evidence remain unverified"
up.no-item-category,party.002,Upgrade / no item requirement,Target requires no item category,Item requirement true,Item requirement true,No item removed by condition,XP/gold/perk gates remain distinct,TaleWorlds.CampaignSystem.GameComponents.DefaultPartyTroopUpgradeModel@107-124,Actual owner-scoped production action; vanilla MainHero/MainParty context must not be a server hero/party. Co-op routing needs separate trace,unverified,unrun,"Caller integration, co-op routing and two-client evidence remain unverified"
up.has-item-category,party.002,Upgrade / required category present,Positive summed quantity in exact required item category,Item requirement true,Item requirement true,Actual consumption belongs to caller,Wrong category does not count,TaleWorlds.CampaignSystem.GameComponents.DefaultPartyTroopUpgradeModel@107-124,Actual owner-scoped production action; vanilla MainHero/MainParty context must not be a server hero/party. Co-op routing needs separate trace,unverified,unrun,"Caller integration, co-op routing and two-client evidence remain unverified"
up.missing-item-category,party.002,Upgrade / required category absent,Summed required category count zero,Item requirement false,Item requirement false,No roster mutation,Zero fails strict positive-count test,TaleWorlds.CampaignSystem.GameComponents.DefaultPartyTroopUpgradeModel@107-124,Actual owner-scoped production action; vanilla MainHero/MainParty context must not be a server hero/party. Co-op routing needs separate trace,unverified,unrun,"Caller integration, co-op routing and two-client evidence remain unverified"
up.bandit-perk,party.002,Upgrade / bandit to nonbandit,Source culture bandit; target culture nonbandit,VeteransRespect required through secondary-role party check,VeteransRespect required through secondary-role party check,requiredPerk output assigned; no resources consumed here,Other cultural transitions return true from this guard,TaleWorlds.CampaignSystem.GameComponents.DefaultPartyTroopUpgradeModel@126-135,Actual owner-scoped production action; vanilla MainHero/MainParty context must not be a server hero/party. Co-op routing needs separate trace,unverified,unrun,"Caller integration, co-op routing and two-client evidence remain unverified"
up.xp-valid,party.002,Upgrade / valid-target XP quote,Compare the named boundary inputs in the outcome table; all original eligibility/context assumptions still apply,"Valid target; source tier 1, target tier 2: Cost 300; Valid target; source tier 5, target tier 6: Cost 1700",Calculated output only; these members do not establish the caller transaction or durable state change,Computed cost only,Actual XP availability and consumption belong to caller; Multi-tier targets accumulate separate increments,TaleWorlds.CampaignSystem.GameComponents.DefaultPartyTroopUpgradeModel@30-74,Actual owner-scoped production action; vanilla MainHero/MainParty context must not be a server hero/party. Co-op routing needs separate trace,unverified,unrun,"Caller integration, co-op routing and two-client evidence remain unverified"
up.xp-invalid,party.002,Upgrade / invalid target,Null target or outside source UpgradeTargets,Cost sentinel 100000000,Cost sentinel 100000000,No XP consumed by model,Valid targets use tier accumulation,TaleWorlds.CampaignSystem.GameComponents.DefaultPartyTroopUpgradeModel@30-74,Actual owner-scoped production action; vanilla MainHero/MainParty context must not be a server hero/party. Co-op routing needs separate trace,unverified,unrun,"Caller integration, co-op routing and two-client evidence remain unverified"
price.buy-rounding,trade.004,Quote / buying rounding,Buying; independently known item value and factor; caravan discount absent,Ceiling of product; minimum price 1,Ceiling of product; minimum price 1,"Quote only, no item/gold transfer",Caravan SilverTongue branch may further adjust quote,TaleWorlds.CampaignSystem.GameComponents.DefaultTradeItemPriceFactorModel@184-194,Actual owner-scoped production action; vanilla MainHero/MainParty context must not be a server hero/party. Co-op routing needs separate trace,unverified,unrun,"Caller integration, co-op routing and two-client evidence remain unverified"
price.sell-rounding,trade.004,Quote / selling rounding,Selling; independently known value and factor,Floor of product; minimum price 1,Floor of product; minimum price 1,Quote only,Selling uses a different penalty factor direction,TaleWorlds.CampaignSystem.GameComponents.DefaultTradeItemPriceFactorModel@184-194,Actual owner-scoped production action; vanilla MainHero/MainParty context must not be a server hero/party. Co-op routing needs separate trace,unverified,unrun,"Caller integration, co-op routing and two-client evidence remain unverified"
price.trade-good-clamp,trade.004,Base price / trade-good bounds,Trade-good category; raw factor outside bounds,Clamp to 0.1 through 10,Clamp to 0.1 through 10,"Base factor only, before penalty",Do not apply these bounds to final integer price,TaleWorlds.CampaignSystem.GameComponents.DefaultTradeItemPriceFactorModel@170-182,Actual owner-scoped production action; vanilla MainHero/MainParty context must not be a server hero/party. Co-op routing needs separate trace,unverified,unrun,"Caller integration, co-op routing and two-client evidence remain unverified"
price.nontrade-clamp,trade.004,Base price / non-trade bounds,Category not marked trade good,Clamp to 0.8 through 1.3,Clamp to 0.8 through 1.3,Base factor only,Animal exponent remains a separate input,TaleWorlds.CampaignSystem.GameComponents.DefaultTradeItemPriceFactorModel@170-182,Actual owner-scoped production action; vanilla MainHero/MainParty context must not be a server hero/party. Co-op routing needs separate trace,unverified,unrun,"Caller integration, co-op routing and two-client evidence remain unverified"
trade.full-stock,trade.005,Purchase / full stock remains,Requested 5 for 100; merchant currently has at least 5,Proposal counts and total amount unchanged,Proposal counts and total amount unchanged,No refund adjustment,Caller performs roster apply afterward,coop.trade@316-345,Actual owner-scoped production action; vanilla MainHero/MainParty context must not be a server hero/party. Co-op routing needs separate trace,unverified,unrun,"Caller integration, co-op routing and two-client evidence remain unverified"
trade.partial-stock,trade.005,Purchase / partial concurrent stock,Requested 5 for 100; merchant currently has 3; both proposal arrays retain the matching element and both reconciliation FindIndex calls return nonnegative indices,Party proposal loses 2; merchant proposal restored by 2; amount reduced by 40,Party proposal loses 2; merchant proposal restored by 2; amount reduced by 40,Equipment and modifier identity match; integer prorating,Other proposed transactions retain their own deltas; absent/tombstoned proposal slots take the separate AddItem fallback and are not covered by this restore outcome,coop.trade@316-345,Actual owner-scoped production action; vanilla MainHero/MainParty context must not be a server hero/party. Co-op routing needs separate trace,unverified,unrun,"Caller integration, co-op routing and two-client evidence remain unverified; the discarded AddItem fallback is a separate repository defect candidate, not a verified restore path"
trade.empty-stock,trade.005,Purchase / stock disappeared,Requested 5 for 100; matching merchant equipment absent,Party proposal loses 5; amount reduced by 100,Party proposal loses 5; amount reduced by 100,No replacement item identity created,Unavailable stock does not remain in purchaser proposal,coop.trade@316-345,Actual owner-scoped production action; vanilla MainHero/MainParty context must not be a server hero/party. Co-op routing needs separate trace,unverified,unrun,"Caller integration, co-op routing and two-client evidence remain unverified"
dev.lists,progression.004,Focus / mismatched lists,Skill ID and target focus list lengths differ,Focus batch returns before AddFocus,Focus batch returns before AddFocus,No planned focus changes applied; applicable perks/attributes in the same message are processed before focus validation and are not rolled back by focus rejection,A partial list must not spend points,coop.development@136-186;coop.development@94-106,Actual owner-scoped production action; vanilla MainHero/MainParty context must not be a server hero/party. Co-op routing needs separate trace,unverified,unrun,"Caller integration, co-op routing and two-client evidence remain unverified"
dev.unknown,progression.004,Focus / unknown skill,At least one skill ID fails game-thread resolution,Focus batch returns before applying changes,Focus batch returns before applying changes,Previously planned entries also unapplied; applicable perks/attributes in the same message are processed before focus validation and are not rolled back by focus rejection,Honest stale registry state is the failure path,coop.development@136-186;coop.development@94-106,Actual owner-scoped production action; vanilla MainHero/MainParty context must not be a server hero/party. Co-op routing needs separate trace,unverified,unrun,"Caller integration, co-op routing and two-client evidence remain unverified"
dev.over-cap,progression.004,Focus / above limit,Positive target exceeds current MaxFocusPerSkill,Focus batch rejected before mutation,Focus batch rejected before mutation,No focus or point spend; applicable perks/attributes in the same message are processed before focus validation and are not rolled back by focus rejection,Cap is read from current model,coop.development@136-186;coop.development@94-106,Actual owner-scoped production action; vanilla MainHero/MainParty context must not be a server hero/party. Co-op routing needs separate trace,unverified,unrun,"Caller integration, co-op routing and two-client evidence remain unverified"
dev.insufficient,progression.004,Focus / insufficient points,Summed positive increase cost exceeds UnspentFocusPoints,Focus batch returns without apply,Focus batch returns without apply,No partial earlier focus spend; applicable perks/attributes in the same message are processed before focus validation and are not rolled back by focus rejection,Required cost uses GetRequiredFocusPointsToAddFocus,coop.development@136-186;coop.development@94-106,Actual owner-scoped production action; vanilla MainHero/MainParty context must not be a server hero/party. Co-op routing needs separate trace,unverified,unrun,"Caller integration, co-op routing and two-client evidence remain unverified"
dev.unchanged,progression.004,Focus / stale or repeated targets,Every target equal to or below current value,No positive focus change applied,No positive focus change applied,No repeated point spend; applicable perks/attributes in the same message are processed before focus validation and are not rolled back by focus rejection,Lower targets are not a reset path,coop.development@136-186;coop.development@94-106,Actual owner-scoped production action; vanilla MainHero/MainParty context must not be a server hero/party. Co-op routing needs separate trace,unverified,unrun,"Caller integration, co-op routing and two-client evidence remain unverified"
dev.valid,progression.004,Focus / valid atomic plan,"All skills resolve, targets within cap, aggregate points available",AddFocus applied once for each positive increase step,AddFocus applied once for each positive increase step,Use actual per-skill cost and owner hero; applicable perks/attributes in the same message are processed before focus validation and are not rolled back by focus rejection,Repeated target after apply becomes unchanged case,coop.development@136-186;coop.development@94-106,Actual owner-scoped production action; vanilla MainHero/MainParty context must not be a server hero/party. Co-op routing needs separate trace,unverified,unrun,"Caller integration, co-op routing and two-client evidence remain unverified"
king.independence,kingdoms.001,Kingdom / independence gate,Player faction already kingdom faction,Creation false; independence explanation,Creation false; independence explanation,Eligibility only,Other failing explanations may also accumulate,TaleWorlds.CampaignSystem.GameComponents.DefaultKingdomCreationModel@22-54,Actual owner-scoped production action; vanilla MainHero/MainParty context must not be a server hero/party. Co-op routing needs separate trace,unverified,unrun,"Caller integration, co-op routing and two-client evidence remain unverified"
king.tier,kingdoms.001,Kingdom / clan tier gate,Clan tier below 4,Creation false; tier explanation,Creation false; tier explanation,No kingdom created by eligibility method,Tier exactly 4 clears this gate,TaleWorlds.CampaignSystem.GameComponents.DefaultKingdomCreationModel@22-54,Actual owner-scoped production action; vanilla MainHero/MainParty context must not be a server hero/party. Co-op routing needs separate trace,unverified,unrun,"Caller integration, co-op routing and two-client evidence remain unverified"
king.fief,kingdoms.001,Kingdom / settlement gate,No owned town or castle,Creation false; settlement explanation,Creation false; settlement explanation,Village ownership alone does not satisfy count,At least one town or castle required,TaleWorlds.CampaignSystem.GameComponents.DefaultKingdomCreationModel@22-54,Actual owner-scoped production action; vanilla MainHero/MainParty context must not be a server hero/party. Co-op routing needs separate trace,unverified,unrun,"Caller integration, co-op routing and two-client evidence remain unverified"
king.troops,kingdoms.001,Kingdom / healthy troop gate,Healthy clan war parties plus fief garrisons below 100,Creation false; troop explanation,Creation false; troop explanation,Wounded troops excluded by TotalHealthyCount,Exactly 100 clears this guard,TaleWorlds.CampaignSystem.GameComponents.DefaultKingdomCreationModel@22-54,Actual owner-scoped production action; vanilla MainHero/MainParty context must not be a server hero/party. Co-op routing needs separate trace,unverified,unrun,"Caller integration, co-op routing and two-client evidence remain unverified"
king.eligible,kingdoms.001,Kingdom / eligibility,"Independent, tier at least 4, town/castle owned, counted healthy troops at least 100",Model returns true,Model returns true,No kingdom creation by this member,Vanilla MainHero/PlayerClan context needs co-op owner routing,TaleWorlds.CampaignSystem.GameComponents.DefaultKingdomCreationModel@22-54,Actual owner-scoped production action; vanilla MainHero/MainParty context must not be a server hero/party. Co-op routing needs separate trace,unverified,unrun,"Caller integration, co-op routing and two-client evidence remain unverified"
clan.tier-boundaries,clans.003,Clan tier / renown boundaries,Compare the named boundary inputs in the outcome table; all original eligibility/context assumptions still apply,Clan renown exactly 50: Calculated tier 1; Clan renown exactly 150: Calculated tier 2; Clan renown exactly 350: Calculated tier 3; Clan renown exactly 900: Calculated tier 4; Clan renown exactly 2350: Calculated tier 5; Clan renown exactly 6150: Calculated tier 6; Clan renown exactly 49: Calculated tier 0; Clan renown exactly 149: Calculated tier 1; Clan renown exactly 349: Calculated tier 2; Clan renown exactly 899: Calculated tier 3; Clan renown exactly 2349: Calculated tier 4; Clan renown exactly 6149: Calculated tier 5,Calculated output only; these members do not establish the caller transaction or durable state change,Caller tier side effects must be mapped separately,One below threshold produces preceding tier within its range; Renown exactly 50 reaches tier 1; tier side effects belong to callers; Renown exactly 150 reaches tier 2; tier side effects belong to callers; Renown exactly 350 reaches tier 3; tier side effects belong to callers; Renown exactly 900 reaches tier 4; tier side effects belong to callers; Renown exactly 2350 reaches tier 5; tier side effects belong to callers; Renown exactly 6150 reaches tier 6; tier side effects belong to callers,TaleWorlds.CampaignSystem.GameComponents.DefaultClanTierModel@56-67,Model result only; production caller and co-op authority/routing unresolved,unverified,unrun,"Caller integration, co-op routing and two-client evidence remain unverified"
wage.tier-boundaries,party.014,Individual troop wages / tier and occupation,Compare the named boundary inputs in the outcome table; all original eligibility/context assumptions still apply,Character tier 0; Occupation not Mercenary: Individual wage result 1; Character tier 0; Occupation Mercenary: Individual wage result 1; Character tier 1; Occupation not Mercenary: Individual wage result 2; Character tier 1; Occupation Mercenary: Individual wage result 3; Character tier 2; Occupation not Mercenary: Individual wage result 3; Character tier 2; Occupation Mercenary: Individual wage result 4; Character tier 3; Occupation not Mercenary: Individual wage result 5; Character tier 3; Occupation Mercenary: Individual wage result 7; Character tier 4; Occupation not Mercenary: Individual wage result 8; Character tier 4; Occupation Mercenary: Individual wage result 12; Character tier 5; Occupation not Mercenary: Individual wage result 12; Character tier 5; Occupation Mercenary: Individual wage result 18; Character tier 6; Occupation not Mercenary: Individual wage result 17; Character tier 6; Occupation Mercenary: Individual wage result 25; Character tier 7; Occupation not Mercenary: Individual wage result 23; Character tier 7; Occupation Mercenary: Individual wage result 34,Calculated output only; these members do not establish the caller transaction or durable state change,No party payment or treasury mutation by this model member,"Party aggregation, hero exemptions, perks and policy modifiers are separate paths; tiers outside 0 through 6 use the default base 23",TaleWorlds.CampaignSystem.GameComponents.DefaultPartyWageModel@23-41,Model result only; production caller and co-op authority/routing unresolved,unverified,unrun,"Caller integration, co-op routing and two-client evidence remain unverified"
recruit.level-boundaries,party.001,Recruitment quote / level boundaries,Compare the named boundary inputs in the outcome table; all original eligibility/context assumptions still apply,Troop level 1; no equipment horse; ordinary occupation; buyerHero null: Unmodified recruitment quote starts at 10; Troop level 2; no equipment horse; ordinary occupation; buyerHero null: Unmodified recruitment quote starts at 20; Troop level 6; no equipment horse; ordinary occupation; buyerHero null: Unmodified recruitment quote starts at 20; Troop level 7; no equipment horse; ordinary occupation; buyerHero null: Unmodified recruitment quote starts at 50; Troop level 11; no equipment horse; ordinary occupation; buyerHero null: Unmodified recruitment quote starts at 50; Troop level 12; no equipment horse; ordinary occupation; buyerHero null: Unmodified recruitment quote starts at 100; Troop level 16; no equipment horse; ordinary occupation; buyerHero null: Unmodified recruitment quote starts at 100; Troop level 17; no equipment horse; ordinary occupation; buyerHero null: Unmodified recruitment quote starts at 200; Troop level 21; no equipment horse; ordinary occupation; buyerHero null: Unmodified recruitment quote starts at 200; Troop level 22; no equipment horse; ordinary occupation; buyerHero null: Unmodified recruitment quote starts at 400; Troop level 26; no equipment horse; ordinary occupation; buyerHero null: Unmodified recruitment quote starts at 400; Troop level 27; no equipment horse; ordinary occupation; buyerHero null: Unmodified recruitment quote starts at 600; Troop level 31; no equipment horse; ordinary occupation; buyerHero null: Unmodified recruitment quote starts at 600; Troop level 32; no equipment horse; ordinary occupation; buyerHero null: Unmodified recruitment quote starts at 1000; Troop level 36; no equipment horse; ordinary occupation; buyerHero null: Unmodified recruitment quote starts at 1000; Troop level 37; no equipment horse; ordinary occupation; buyerHero null: Unmodified recruitment quote starts at 1500,Calculated output only; these members do not establish the caller transaction or durable state change,No recruitment or gold transfer; buyer-specific reductions are absent in this case,Crossing the next listed level boundary changes the base; troop Tier is a separate input from Level,TaleWorlds.CampaignSystem.GameComponents.DefaultPartyWageModel@214-287,Model result only; production caller and co-op authority/routing unresolved,unverified,unrun,"Caller integration, co-op routing and two-client evidence remain unverified"
recruit.horse-cost,party.001,Recruitment quote / horse-item cost,Compare the named boundary inputs in the outcome table; all original eligibility/context assumptions still apply,Equipment.Horse.Item nonnull; level 25; withoutItemCost False; buyerHero null; ordinary occupation: Base quote 400; horse-item addition 150; Equipment.Horse.Item nonnull; level 26; withoutItemCost False; buyerHero null; ordinary occupation: Base quote 400; horse-item addition 500; Equipment.Horse.Item nonnull; level 25; withoutItemCost True; buyerHero null; ordinary occupation: Base quote 400; horse-item addition 0; Equipment.Horse.Item nonnull; level 26; withoutItemCost True; buyerHero null; ordinary occupation: Base quote 400; horse-item addition 0,Calculated output only; these members do not establish the caller transaction or durable state change,"Horse cost is a quote addition, not item consumption; no gold transfer in the model","Level 26 takes the 500 branch, level 25 the 150 branch; withoutItemCost suppresses both",TaleWorlds.CampaignSystem.GameComponents.DefaultPartyWageModel@214-287,Model result only; production caller and co-op authority/routing unresolved,unverified,unrun,"Caller integration, co-op routing and two-client evidence remain unverified"
upgrade.skill-xp,party.002,Upgrade skill XP / troop count,Compare the named boundary inputs in the outcome table; all original eligibility/context assumptions still apply,Troop Level 10; numberOfTroops 0: Model XP result 0; Troop Level 10; numberOfTroops 1: Model XP result 20; Troop Level 10; numberOfTroops 3: Model XP result 60,Calculated output only; these members do not establish the caller transaction or durable state change,No XP award or roster mutation here,"Formula uses Level, not Tier; actual XP recipient and award are separate production effects",TaleWorlds.CampaignSystem.GameComponents.DefaultPartyTroopUpgradeModel@102-105,Model result only; production caller and co-op authority/routing unresolved,unverified,unrun,"Caller integration, co-op routing and two-client evidence remain unverified"
